Feature,Correlation,Abs_Correlation,Category,Text_Type,Non_Null_Count,Non_Zero_Count,Mean,Std,Data_Quality
Story_Dialogue_Markers,-0.6499939239475409,0.6499939239475409,Other,Story,2860,1509,2.591958041958042,3.4501808396301143,Good
Story_Max_Distance_To_Centroid,-0.6068990429874087,0.6068990429874087,Other,Story,2860,2133,0.5849829775939038,0.3738508720788261,Good
Story_Attention_Max,0.5920075066800415,0.5920075066800415,Embedding,Story,2860,2860,0.4533396687540975,0.027414840373139095,Good
Story_Embedding_Std,-0.5917748069523961,0.5917748069523961,Embedding,Story,2860,2133,0.022606298064982315,0.014273422837663466,Good
Story_Avg_Distance_To_Centroid,-0.5826913954776264,0.5826913954776264,Other,Story,2860,2133,0.48244181486380683,0.2972756202912823,Good
Story_Embedding_Variance,-0.5724603511465297,0.5724603511465297,Embedding,Story,2860,2133,0.0008543156692040407,0.0005860123931780549,Good
Story_Attention_Switching_Cost,-0.5672712347429023,0.5672712347429023,Embedding,Story,2860,2133,0.599180589011014,0.36219554424058353,Good
Story_Avg_Sentence_Length,0.5662929465227324,0.5662929465227324,Other,Story,2860,2860,22.974894168460086,15.435348909887596,Good
Question_Question_wh_questions_Count,0.5540464815451178,0.5540464815451178,Other,Question,2860,2342,0.8188811188811189,0.38518399303790735,Good
Story_Sentence_Count_Enhanced,-0.55037122957831,0.55037122957831,Surface,Story,2860,2860,4.002797202797203,2.6574239277120695,Good
Story_Linsear_Write,0.5437965812041884,0.5437965812041884,Other,Story,2860,2860,13.271276986901986,8.202449413862306,Good
Story_Linsear_Write_Formula,0.5437965812041884,0.5437965812041884,Other,Story,2860,2860,13.271276986901986,8.202449413862306,Good
Story_Embedding_Trajectory_Length,-0.5369280778365854,0.5369280778365854,Embedding,Story,2860,2133,3.1762205237796257,2.977903644010661,Good
Story_Parse_Avg_Depth,0.536206376121256,0.536206376121256,Other,Story,2860,2860,2.6519314434809433,0.7808233604221686,Good
Story_Dep_Avg_Depth,0.536206376121256,0.536206376121256,Syntactic,Story,2860,2860,2.6519314434809433,0.7808233604221686,Good
Story_Automated_Readability_Index.1,0.5251975255706777,0.5251975255706777,Other,Story,2860,2860,12.000986318016645,6.910821150412728,Good
Story_Automated_Readability,0.5251975255706777,0.5251975255706777,Other,Story,2860,2860,12.000986318016645,6.910821150412728,Good
Story_Automated_Readability_Index,0.5251975255706777,0.5251975255706777,Other,Story,2860,2860,12.000986318016645,6.910821150412728,Good
Story_Gunning_Fog.1,0.5222178010808822,0.5222178010808822,Readability,Story,2860,2860,12.24934899145583,5.5215920973128165,Good
Story_Gunning_Fog,0.5222178010808822,0.5222178010808822,Readability,Story,2860,2860,12.24934899145583,5.5215920973128165,Good
Story_Avg_Dependency_Depth_Enhanced,0.5179778696947616,0.5179778696947616,Other,Story,2860,2860,5.4218371556570855,1.8927469952652958,Good
Story_Flesch_Kincaid_Grade,0.517614354015861,0.517614354015861,Readability,Story,2860,2860,10.242535957281548,5.573212343016911,Good
Story_Flesch_Kincaid_Grade.2,0.517614354015861,0.517614354015861,Readability,Story,2860,2860,10.242535957281548,5.573212343016911,Good
Story_Flesch_Kincaid_Grade.1,0.517614354015861,0.517614354015861,Readability,Story,2860,2860,10.242535957281548,5.573212343016911,Good
Story_Sentence_Count,-0.514571412504918,0.514571412504918,Surface,Story,2860,2860,3.697902097902098,2.3781231127099187,Good
Story_Avg_Clauses_Per_Sentence,0.4731392758844601,0.4731392758844601,Syntactic,Story,2860,2808,2.252136247590793,1.9139209907771892,Good
Story_Clause_Ratio,0.47310245585152605,0.47310245585152605,Syntactic,Story,2860,2813,2.315741144054081,1.8898191444261871,Good
Story_Dep_Depth_Variance,0.46320125205839235,0.46320125205839235,Syntactic,Story,2860,2860,2.4803656765020174,1.321906603994152,Good
Story_Semantic_Coherence_Avg,-0.44250167864584233,0.44250167864584233,Embedding,Story,2860,2133,0.3323812134511821,0.23147664234025195,Good
Story_TextBlob_Subjectivity,-0.43739632674872025,0.43739632674872025,Other,Story,2860,2224,0.38025928130547504,0.2489247569007853,Good
Story_Text_Standard,0.42519273476631564,0.42519273476631564,Other,Story,2860,2860,10.768881118881119,5.514590980567754,Good
Question_Attention_Max,-0.42282247475522844,0.42282247475522844,Embedding,Question,2860,2860,0.6056924634567508,0.04000524295876206,Good
Story_Predicate_Count,-0.42280437550723365,0.42280437550723365,Other,Story,2860,2860,13.522027972027972,7.496568230551485,Good
Story_Avg_Arc_Length,-0.42229453196539746,0.42229453196539746,Syntactic,Story,2860,2860,2.9922481288827294,0.44205614440685226,Good
Story_Arc_Avg_Length,-0.42229453196539746,0.42229453196539746,Syntactic,Story,2860,2860,2.9922481288827294,0.44205614440685226,Good
Story_Question_yes_no_questions_Count,-0.41983105317579317,0.41983105317579317,Other,Story,2860,474,0.16573426573426572,0.3719069516790801,Fair
Story_Attention_Entropy,-0.41865341673031914,0.41865341673031914,Embedding,Story,2860,2860,3.1915611613046875,0.3074725489900711,Good
Story_PCA_Cumulative_Variance,-0.41530494042947547,0.41530494042947547,Embedding,Story,2860,1862,0.47413723950202646,0.3774492505941205,Good
Story_Entity_Switches,-0.4124787125012201,0.4124787125012201,Other,Story,2860,1520,0.2740111665723554,0.3066794239049817,Good
Question_Temporal_Semantic_Complexity,0.41167724141070383,0.41167724141070383,Other,Question,2860,1076,0.38076923076923075,0.4949349283624608,Good
Story_PCA_First_Component,-0.39331554082869297,0.39331554082869297,Embedding,Story,2860,1862,0.2985630545739111,0.24926345416906978,Good
Question_Discourse_temporal_Count,0.38223515728965374,0.38223515728965374,Network,Question,2860,996,0.3493006993006993,0.47902803298226887,Fair
Story_Sentiment_Compound,-0.37724269407765154,0.37724269407765154,Other,Story,2860,2392,0.33381185314685313,0.5371885671596296,Good
Story_Verb_Argument_Complexity,0.36841015085627393,0.36841015085627393,Other,Story,2860,2860,1.187977223052742,0.3419671628647655,Good
Question_Temporal_Progression,0.36621095058334413,0.36621095058334413,Other,Question,2860,813,0.28776223776223775,0.4604587635556299,Fair
Story_MS_Arg_Complexity,-0.36512510582313773,0.36512510582313773,Other,Story,2860,1409,0.8874755244755245,0.9856071918627248,Good
Story_MS_Embedding_Max_Depth,-0.3649198037281204,0.3649198037281204,Embedding,Story,2860,996,0.515034965034965,0.8057925773334773,Fair
Story_Dale_Chall_Readability,0.3638023987484215,0.3638023987484215,Readability,Story,2860,2860,10.56642971894171,1.4757900460926674,Good
Story_Dale_Chall,0.3638023987484215,0.3638023987484215,Readability,Story,2860,2860,10.56642971894171,1.4757900460926674,Good
Story_Content_Word_Count,-0.36299777822659585,0.36299777822659585,Surface,Story,2860,2860,30.53181818181818,15.147128556714149,Good
Story_MS_Embedding_Avg_Depth,-0.3596583056234898,0.3596583056234898,Embedding,Story,2860,996,0.3413111888111888,0.5759889477590034,Fair
Story_Complexity_Peaks,-0.35449088066030826,0.35449088066030826,Other,Story,2860,1389,0.6300699300699301,0.7593682104575554,Good
Question_Dep_Total_Depth,0.3500048034311396,0.3500048034311396,Syntactic,Question,2860,2860,21.482167832167832,15.228837294105531,Good
Question_Parse_Total_Depth,0.3500048034311396,0.3500048034311396,Other,Question,2860,2860,21.482167832167832,15.228837294105531,Good
Story_MS_Clause_Count,-0.3490735555267962,0.3490735555267962,Syntactic,Story,2860,1505,1.1947552447552447,1.5591992331236544,Good
Story_Flesch_Reading_Ease.2,-0.3482413029735549,0.3482413029735549,Readability,Story,2860,2860,64.12646259671902,17.20441732889692,Good
Story_Flesch_Reading_Ease.1,-0.3482413029735548,0.3482413029735548,Readability,Story,2860,2860,64.12646259671902,17.20441732889692,Good
Story_Flesch_Reading_Ease,-0.3482413029735548,0.3482413029735548,Readability,Story,2860,2860,64.12646259671902,17.20441732889692,Good
Story_Attention_Variance,0.3482369164706778,0.3482369164706778,Embedding,Story,2860,2860,0.0013784994013237408,0.0009008791100109304,Good
Story_Max_Dependency_Depth_Enhanced,0.3468979480049011,0.3468979480049011,Other,Story,2860,2860,6.5227272727272725,1.7158727260661313,Good
Story_Parse_Max_Depth,0.3468979480049011,0.3468979480049011,Other,Story,2860,2860,6.5227272727272725,1.7158727260661313,Good
Story_Dep_Max_Depth,0.3468979480049011,0.3468979480049011,Syntactic,Story,2860,2860,6.5227272727272725,1.7158727260661313,Good
Story_Politeness_Markers,-0.34603220950249935,0.34603220950249935,Other,Story,2860,195,0.07237762237762238,0.2748765707091278,Fair
Story_Sentiment_Positive,-0.3423104742866497,0.3423104742866497,Other,Story,2860,1957,0.0974111888111888,0.09464040379650393,Good
Question_Attention_Entropy,0.3421806836414223,0.3421806836414223,Embedding,Question,2860,2860,1.993151905736723,0.258136799159837,Good
Story_Arc_Length_Variance,-0.3355164968967367,0.3355164968967367,Syntactic,Story,2860,2860,13.495361599383957,8.84252408558963,Good
Story_Unique_Word_Ratio,-0.3340615218694937,0.3340615218694937,Other,Story,2860,2860,0.7116278014402883,0.10538339537854283,Good
Story_Reading_Time,-0.3332869160289098,0.3332869160289098,Other,Story,2860,2860,4.477460636363636,2.1501766305772816,Good
Question_Dep_Label_Diversity,-0.3324251679535187,0.3324251679535187,Syntactic,Question,2860,2860,0.8325921975263899,0.13840583387577987,Good
Story_Punct_Ratio,-0.33156294060021124,0.33156294060021124,Other,Story,2860,2860,0.02677933081581401,0.006380570497291355,Good
Story_Char_Count,-0.32783171135443057,0.32783171135443057,Surface,Story,2860,2860,370.48006993006993,177.34042910269727,Good
Question_Parse_Max_Depth,0.3273929916613155,0.3273929916613155,Other,Question,2860,2860,3.375874125874126,1.34121515886651,Good
Question_Dep_Max_Depth,0.3273929916613155,0.3273929916613155,Syntactic,Question,2860,2860,3.375874125874126,1.34121515886651,Good
Question_Max_Dependency_Depth_Enhanced,0.3273929916613155,0.3273929916613155,Other,Question,2860,2860,3.375874125874126,1.34121515886651,Good
Story_Lexical_Cohesion,-0.3263747759376728,0.3263747759376728,Other,Story,2860,2091,0.07207564047638736,0.06006393488026655,Good
Story_MS_Total_Args,-0.3262610410986914,0.3262610410986914,Other,Story,2860,1409,2.0136363636363637,2.8235052586053158,Good
Story_Syllable_Count,-0.3227394896415013,0.3227394896415013,Other,Story,2860,2860,93.48146853146854,45.02184778344471,Good
Question_Avg_Dependency_Depth_Enhanced,0.3223491938515866,0.3223491938515866,Other,Question,2860,2860,3.367657342657343,1.3352982597647935,Good
Question_Temporal_Complexity,0.32148312354115344,0.32148312354115344,Other,Question,2860,1002,0.02842032556384422,0.04375532275135196,Good
Question_Word_Count_Enhanced,0.32041047052950844,0.32041047052950844,Surface,Question,2860,2860,10.314335664335664,4.475826495563119,Good
Question_Lexicon_Count,0.32041047052950844,0.32041047052950844,Other,Question,2860,2860,10.314335664335664,4.475826495563119,Good
Question_Avg_Sentence_Length,0.3162881472076671,0.3162881472076671,Other,Question,2860,2860,10.131293706293706,4.421179971363464,Good
Question_Unique_Word_Ratio,-0.31276804082905413,0.31276804082905413,Other,Question,2860,2860,0.9637313681278855,0.06574232708992299,Good
Story_Question_wh_questions_Count,-0.31147106339311503,0.31147106339311503,Other,Story,2860,305,0.10664335664335664,0.30871325556269463,Fair
Story_Discourse_Network_Nodes,-0.30430506815345076,0.30430506815345076,Network,Story,2133,2860,5.0262541022034695,2.3124317109004853,Good
Story_Sentiment_Neutral,0.3042780934770942,0.3042780934770942,Other,Story,2860,2860,0.8704104895104895,0.1019301828922143,Good
Question_Cross_Sentence_Attention,-0.3024031579532296,0.3024031579532296,Other,Question,2856,2860,0.024092016552988368,0.009674758767535522,Good
Story_Causal_Depth,-0.3015737142370678,0.3015737142370678,Other,Story,2860,1834,0.024182463642551097,0.02467681547062644,Good
Question_Attention_Variance,-0.300221144242815,0.300221144242815,Embedding,Question,2860,2860,0.011893134043182336,0.004716093509558842,Good
Story_Lexicon_Count,-0.29792636183449345,0.29792636183449345,Other,Story,2860,2860,66.66083916083916,31.38070853455702,Good
Story_Word_Count_Enhanced,-0.297707889850428,0.297707889850428,Surface,Story,2860,2860,66.67902097902098,31.41764909731373,Good
Question_Function_Word_Count,0.2971543233778393,0.2971543233778393,Surface,Question,2860,2668,2.418181818181818,1.4413877520589071,Good
Story_Temporal_Markers,-0.2971033144663422,0.2971033144663422,Other,Story,2860,1620,1.048951048951049,1.1815219009818538,Good
Question_Dep_Depth_Variance,0.2915533601919792,0.2915533601919792,Syntactic,Question,2860,2860,1.0288529088702447,0.8195337587508478,Good
Story_Entity_Type_Diversity,-0.28700473471893495,0.28700473471893495,Other,Story,2860,2825,2.015034965034965,1.0636204145864785,Good
Story_Entity_Type_Diversity.1,-0.28700473471893495,0.28700473471893495,Other,Story,2860,2825,2.015034965034965,1.0636204145864785,Good
Question_Parse_Avg_Depth,0.28633419018521994,0.28633419018521994,Other,Question,2860,2860,1.6492936175007722,0.556222055587434,Good
Question_Dep_Avg_Depth,0.28633419018521994,0.28633419018521994,Syntactic,Question,2860,2860,1.6492936175007722,0.556222055587434,Good
Story_Arc_Max_Length,-0.2848892419193636,0.2848892419193636,Syntactic,Story,2860,2860,19.236363636363638,7.518107282056996,Good
Story_Max_Arc_Length,-0.2848892419193636,0.2848892419193636,Syntactic,Story,2860,2860,19.236363636363638,7.518107282056996,Good
Question_MS_perceptual_verbs_visual_Count,0.2817871445098797,0.2817871445098797,Other,Question,2860,390,0.13776223776223775,0.3487456553373985,Fair
Question_MS_perceptual_verbs_Total,0.2816733856040528,0.2816733856040528,Other,Question,2860,406,0.1437062937062937,0.35678439964530395,Fair
Question_Discourse_conditional_Count,-0.2807507317888458,0.2807507317888458,Network,Question,2860,184,0.06433566433566433,0.2453928314960442,Fair
Story_MS_Complex_Args,-0.2734453674867916,0.2734453674867916,Other,Story,2860,1123,0.6629370629370629,1.0293135085777576,Good
Story_Complex_Dependencies,-0.2706129418895267,0.2706129418895267,Other,Story,2860,2813,5.951048951048951,3.331889168785466,Good
Story_Clause_Count,-0.2706129418895267,0.2706129418895267,Syntactic,Story,2860,2813,5.951048951048951,3.331889168785466,Good
Story_Total_Clauses,-0.2706129418895267,0.2706129418895267,Syntactic,Story,2860,2813,5.951048951048951,3.331889168785466,Good
Question_Complexity_Score,0.2688492284292143,0.2688492284292143,Other,Question,2860,2860,1.4613300699300702,0.44072248484083076,Good
Story_MS_cognitive_verbs_basic_Count,-0.26424068980972043,0.26424068980972043,Other,Story,2860,834,0.37622377622377623,0.6636473821036841,Fair
Question_Arc_Avg_Length,0.2639125010982392,0.2639125010982392,Syntactic,Question,2860,2860,2.366466840730777,0.3943690076549982,Good
Question_Avg_Arc_Length,0.2639125010982392,0.2639125010982392,Syntactic,Question,2860,2860,2.366466840730777,0.3943690076549982,Good
Question_Avg_Word_Length_Enhanced,-0.262895332107795,0.262895332107795,Other,Question,2860,2860,4.559666632582026,0.669493015721154,Good
Question_Char_Count,0.2616099679515748,0.2616099679515748,Surface,Question,2860,2860,56.11888111888112,24.640412044203785,Good
Question_Max_Arc_Length,0.25966287614663625,0.25966287614663625,Syntactic,Question,2860,2860,7.2258741258741255,3.4783136326986157,Good
Question_Arc_Max_Length,0.25966287614663625,0.25966287614663625,Syntactic,Question,2860,2860,7.2258741258741255,3.4783136326986157,Good
Story_Total_Clauses_Enhanced,-0.2585512758125065,0.2585512758125065,Syntactic,Story,2860,2808,5.678321678321678,3.1833367272646687,Good
Question_Entity_Count_Enhanced,0.2575699332227985,0.2575699332227985,Other,Question,2860,2149,1.1465034965034966,0.9134675075562225,Good
Question_Entity_Count,0.2575699332227985,0.2575699332227985,Other,Question,2860,2149,1.1465034965034966,0.9134675075562225,Good
Story_MS_cognitive_verbs_Total,-0.25133642105743326,0.25133642105743326,Other,Story,2860,902,0.4234265734265734,0.7156449893733045,Fair
Story_Complexity_Gradient,-0.25047183562681874,0.25047183562681874,Other,Story,2860,1923,0.34544282851615227,0.3416135593366704,Good
Question_Inference_Chain_Depth,-0.24954693556910157,0.24954693556910157,Other,Question,2860,202,0.00822639078095452,0.030973403071544774,Fair
Story_Subordinate_Clauses.1,-0.24805957325152744,0.24805957325152744,Syntactic,Story,2860,2803,5.5412587412587415,3.1507607451785877,Good
Story_Subordinate_Clauses,-0.24805957325152744,0.24805957325152744,Syntactic,Story,2860,2803,5.5412587412587415,3.1507607451785877,Good
Story_Avg_Word_Length_Enhanced,-0.24785128110579255,0.24785128110579255,Other,Story,2860,2860,4.564934029565838,0.4236915838947871,Good
Question_POS_Diversity,-0.24768694476773234,0.24768694476773234,Other,Question,2860,2860,0.7174190007241085,0.16790063396083518,Good
Question_POS_Diversity.1,-0.24768694476773234,0.24768694476773234,Other,Question,2860,2860,0.7174190007241085,0.16790063396083518,Good
Question_Alpha_Char_Ratio,-0.24758621222452779,0.24758621222452779,Other,Question,2860,2860,0.8061462129983487,0.02279819007577689,Good
Story_Discourse_temporal_Count,-0.2468382162550927,0.2468382162550927,Network,Story,2860,1316,0.6874125874125874,0.8880196069720871,Good
Story_Working_Memory_Load,-0.24658163756777296,0.24658163756777296,Other,Story,2860,1519,0.07562221093328624,0.11344766047284274,Good
Question_Reading_Time,0.24648092393894144,0.24648092393894144,Other,Question,2860,2860,0.6875587727272727,0.29871436427099235,Good
Question_Readability_Composite,0.24448526928894943,0.24448526928894943,Other,Question,2860,2860,30.337831004212607,5.597609838530629,Good
Story_Temporal_Progression,-0.24188945464185183,0.24188945464185183,Other,Story,2860,1170,0.6087412587412587,0.872249380422791,Good
Story_Difficult_Words.1,-0.24018886935227507,0.24018886935227507,Other,Story,2860,2857,8.902097902097902,5.821183692143729,Good
Story_Difficult_Words,-0.24018886935227507,0.24018886935227507,Other,Story,2860,2857,8.902097902097902,5.821183692143729,Good
Question_Arc_Length_Variance,0.2400464591665561,0.2400464591665561,Syntactic,Question,2860,2860,4.179114744579118,3.489013266373414,Good
Story_Entity_Count.1,-0.23729155790367198,0.23729155790367198,Other,Story,2860,2825,6.031818181818182,3.860459758073601,Good
Story_Entity_Count_Enhanced,-0.23729155790367198,0.23729155790367198,Other,Story,2860,2825,6.031818181818182,3.860459758073601,Good
Story_TextBlob_Polarity,-0.23064496488467132,0.23064496488467132,Other,Story,2860,2184,0.10982174018940105,0.18095588902275078,Good
Story_MS_perceptual_verbs_visual_Count,0.2288799572962528,0.2288799572962528,Other,Story,2860,1595,0.7013986013986014,0.7426907221564953,Good
Question_Entity_Network_Density,-0.2234801185796934,0.2234801185796934,Network,Question,782,2758,0.8695652173913043,0.3369967005045851,Good
Story_Semantic_Mental_State_Depth,-0.21922570902673688,0.21922570902673688,Other,Story,2860,1008,0.6688811188811189,1.2913236468672458,Good
Story_Emotion_Joy_Count,-0.2181037049555907,0.2181037049555907,Other,Story,2860,208,0.07517482517482517,0.27284557051035074,Fair
Story_MS_perceptual_verbs_auditory_Count,-0.21766889099580886,0.21766889099580886,Other,Story,2860,338,0.13216783216783218,0.3796320817157603,Fair
Story_Alpha_Char_Ratio,0.2174993787824633,0.2174993787824633,Other,Story,2860,2860,0.7880220770039569,0.01843661067487856,Good
Question_SMOG_Index.1,-0.21614173935352346,0.21614173935352346,Readability,Question,2860,2860,6.379406399667385,3.6239684386568105,Good
Question_SMOG_Index,-0.21614173935352346,0.21614173935352346,Readability,Question,2860,2860,6.379406399667385,3.6239684386568105,Good
Story_MS_volitional_verbs_Total,-0.2159476880007478,0.2159476880007478,Other,Story,2860,754,0.3332167832167832,0.617298837154836,Fair
Story_Semantic_Coherence_Min,-0.21581677395776885,0.21581677395776885,Embedding,Story,2860,2133,0.2124312639881212,0.20940006364294048,Good
Question_Linsear_Write,0.21341684018051169,0.21341684018051169,Other,Question,2860,2860,4.8694347319347315,2.659389958658062,Good
Question_Linsear_Write_Formula,0.21341684018051169,0.21341684018051169,Other,Question,2860,2860,4.8694347319347315,2.659389958658062,Good
Story_Discourse_conditional_Count,-0.21108816225233643,0.21108816225233643,Network,Story,2860,562,0.1965034965034965,0.39742307170584795,Fair
Story_Complexity_Variance,-0.20983269635424018,0.20983269635424018,Other,Story,2860,1923,0.6811065211760211,0.9488736830605845,Good
Question_Syllable_Count,0.20959910988809866,0.20959910988809866,Other,Question,2860,2860,14.001748251748252,6.358118452411356,Good
Story_Entity_Network_Clustering,-0.2095671298678049,0.2095671298678049,Network,Story,2454,1188,0.3186634066829666,0.4660531630013327,Good
Question_Entity_Type_Diversity,0.20785632431144277,0.20785632431144277,Other,Question,2860,2149,0.8409090909090909,0.5693014184586092,Good
Question_Entity_Type_Diversity.1,0.20785632431144277,0.20785632431144277,Other,Question,2860,2149,0.8409090909090909,0.5693014184586092,Good
Question_Composite_Readability,0.2073849968471563,0.2073849968471563,Other,Question,2860,2860,24.730104751797604,3.849942047841763,Good
Story_POS_Diversity,0.20461202012483506,0.20461202012483506,Other,Story,2860,2860,0.18339752567605289,0.08333422140994955,Good
Story_POS_Diversity.1,0.20461202012483506,0.20461202012483506,Other,Story,2860,2860,0.18339752567605289,0.08333422140994955,Good
Question_Total_Clauses,0.20117658421801873,0.20117658421801873,Syntactic,Question,2860,1552,0.8076923076923077,0.8911030396217232,Good
Question_Complex_Dependencies,0.20117658421801873,0.20117658421801873,Other,Question,2860,1552,0.8076923076923077,0.8911030396217232,Good
Question_Clause_Count,0.20117658421801873,0.20117658421801873,Syntactic,Question,2860,1552,0.8076923076923077,0.8911030396217232,Good
Question_Clause_Ratio,0.20105298824418694,0.20105298824418694,Syntactic,Question,2860,1552,0.8068181818181818,0.8901774517347459,Good
Story_Perspective_Complexity,-0.2002519257594171,0.2002519257594171,Other,Story,2860,594,0.38076923076923075,0.8926935764910193,Fair
Story_Subject_Changes,-0.19819990493906078,0.19819990493906078,Other,Story,2860,532,0.322027972027972,0.7873635255445228,Fair
Story_Inference_Chain_Depth,-0.19736465891717028,0.19736465891717028,Other,Story,2860,1244,0.006554160600147329,0.009118293037113373,Good
Question_MS_Verb_Density,0.19648172177803236,0.19648172177803236,Other,Question,2860,1067,0.03875363431478764,0.05792244304169783,Good
Question_Flesch_Reading_Ease,0.19563315429769443,0.19563315429769443,Readability,Question,2860,2860,81.44253618991146,23.013782188095913,Good
Question_Flesch_Reading_Ease.2,0.19563315429769443,0.19563315429769443,Readability,Question,2860,2860,81.44253618991146,23.013782188095913,Good
Question_Flesch_Reading_Ease.1,0.19563315429769443,0.19563315429769443,Readability,Question,2860,2860,81.44253618991146,23.013782188095913,Good
Story_MS_emotional_verbs_Total,-0.1938662080922716,0.1938662080922716,Other,Story,2860,516,0.20944055944055945,0.475913401676665,Fair
Question_Entity_Density,-0.19197951831112842,0.19197951831112842,Other,Question,2860,2655,0.13195593669579425,0.0664670378480493,Good
Story_MS_volitional_verbs_intention_Count,-0.18626620312442357,0.18626620312442357,Other,Story,2860,548,0.20804195804195805,0.4446310373154224,Fair
Question_Semantic_Mental_State_Depth,0.18608145011322239,0.18608145011322239,Other,Question,2860,689,0.38076923076923075,0.898162265766124,Fair
Question_Coordinate_Clauses.1,0.18567643840974574,0.18567643840974574,Syntactic,Question,2860,138,0.04825174825174825,0.2143352043705126,Fair
Question_Coordinate_Clauses,0.18567643840974574,0.18567643840974574,Syntactic,Question,2860,138,0.04825174825174825,0.2143352043705126,Fair
Story_Function_Word_Count,-0.18513659456136888,0.18513659456136888,Surface,Story,2860,2860,19.232167832167832,9.505909146165472,Good
Question_Content_Word_Count,0.18467605999613745,0.18467605999613745,Surface,Question,2860,2860,3.634965034965035,1.9172185585439723,Good
Question_Discourse_contrast_Count,0.18261810777151302,0.18261810777151302,Network,Question,2860,141,0.05,0.22116895078623777,Fair
Story_MS_emotional_verbs_basic_Count,-0.1815143334226242,0.1815143334226242,Other,Story,2860,476,0.18951048951048952,0.4501312678952009,Fair
Question_MS_emotional_verbs_basic_Count,0.17994561804666115,0.17994561804666115,Other,Question,2860,256,0.08986013986013985,0.287251539037198,Fair
Story_Temporal_Complexity,-0.17929239703407726,0.17929239703407726,Other,Story,2860,1358,0.010075377296040335,0.012989309422392577,Good
Story_Temporal_Semantic_Complexity,-0.17771239665974997,0.17771239665974997,Other,Story,2860,1300,0.791958041958042,1.1204504657626386,Good
Question_Discourse_Connected_Components,-0.17640286597620822,0.17640286597620822,Network,Question,82,2860,2.024390243902439,0.1552067323932396,Good
Question_MS_emotional_verbs_Total,0.1754939482574011,0.1754939482574011,Other,Question,2860,258,0.09125874125874125,0.29164743465188175,Fair
Question_Contradiction_Resolution,0.17236052971484317,0.17236052971484317,Other,Question,2860,138,0.003349908694796978,0.016174704187900568,Fair
Story_Discourse_causal_Count,-0.17009048623341302,0.17009048623341302,Network,Story,2860,1764,0.6965034965034965,0.6147780846590639,Good
Question_Sentiment_Positive,-0.16918898484565947,0.16918898484565947,Other,Question,2860,914,0.07523181818181818,0.12241292070912758,Fair
Question_Coleman_Liau,-0.1684651934864234,0.1684651934864234,Other,Question,2860,2860,6.248782275312102,4.188510633265812,Good
Question_Coleman_Liau_Index,-0.1684651934864234,0.1684651934864234,Other,Question,2860,2860,6.248782275312102,4.188510633265813,Good
Question_Emotional_Transitions,0.16709232016095524,0.16709232016095524,Other,Question,2860,211,0.00809622151605965,0.032082064663117686,Fair
Question_Verb_Argument_Complexity,-0.16658797657812535,0.16658797657812535,Other,Question,2860,2297,1.1731876456876458,0.7315768802998992,Good
Story_Dep_Label_Diversity,0.1572774091164335,0.1572774091164335,Syntactic,Story,2860,2860,0.2838506372723787,0.10886167913174406,Good
Story_Causal_Chain_Depth,-0.15641004651447094,0.15641004651447094,Other,Story,2860,488,0.2153846153846154,0.5353286859507679,Fair
Question_Entity_Network_Nodes,-0.15552132702853258,0.15552132702853258,Network,Question,782,2860,1.9168797953964194,0.41667728203411614,Good
Story_Recursive_MS_Chains,-0.15508851163246115,0.15508851163246115,Other,Story,2860,344,0.12797202797202797,0.3603087546225539,Fair
Question_Difficult_Words.1,0.15054020831322382,0.15054020831322382,Other,Question,2860,2196,1.382867132867133,1.1866342763210325,Good
Question_Difficult_Words,0.15054020831322382,0.15054020831322382,Other,Question,2860,2196,1.382867132867133,1.1866342763210325,Good
Story_Temporal_MS_Complexity,-0.14956033628451404,0.14956033628451404,Other,Story,2860,1193,2.7846153846153845,6.349099218577884,Good
Story_Discourse_Avg_Path_Length,-0.1491245779778341,0.1491245779778341,Network,Story,674,2860,1.3009608591210966,0.32433080839362105,Good
Story_False_Belief_Score,-0.1478840153244257,0.1478840153244257,Other,Story,2860,539,0.21433566433566434,0.4759380706942288,Fair
Story_MS_Contradictions,-0.1478840153244257,0.1478840153244257,Other,Story,2860,539,0.21433566433566434,0.4759380706942288,Fair
Question_Question_yes_no_questions_Count,-0.14741673170423072,0.14741673170423072,Other,Question,2860,2751,0.9618881118881119,0.1914998552011962,Good
Story_Emotional_Transitions,-0.14572835966245834,0.14572835966245834,Other,Story,2860,1319,0.009330303933364793,0.012389931176893184,Good
Story_Discourse_Connected_Components,-0.14301784102627021,0.14301784102627021,Network,Story,1459,2860,2.71418779986292,0.9735234017810714,Good
Question_Total_Clauses_Enhanced,0.14008545926933408,0.14008545926933408,Syntactic,Question,2860,1438,0.740909090909091,0.8809939131733494,Good
Question_Avg_Clauses_Per_Sentence,0.1398359512445216,0.1398359512445216,Syntactic,Question,2860,1438,0.7402680652680652,0.8806782125823251,Good
Story_Tense_Variety,-0.1387053625271834,0.1387053625271834,Other,Story,2860,2860,1.2111888111888112,0.42087948941554326,Good
Story_Entity_Network_Nodes,-0.13768635286574998,0.13768635286574998,Network,Story,2454,2860,2.3007334963325183,0.881031406396452,Good
Question_Subordinate_Clauses,0.13685656801091284,0.13685656801091284,Syntactic,Question,2860,1427,0.7342657342657343,0.8784151278158756,Good
Question_Subordinate_Clauses.1,0.13685656801091284,0.13685656801091284,Syntactic,Question,2860,1427,0.7342657342657343,0.8784151278158756,Good
Story_MS_volitional_verbs_decision_Count,-0.13631744748555397,0.13631744748555397,Other,Story,2860,311,0.12097902097902098,0.3617518192259397,Fair
Story_Recursive_MS_Max_Depth,-0.13567177167878736,0.13567177167878736,Other,Story,2860,344,0.25034965034965034,0.6848047570012128,Fair
Story_Discourse_contrast_Count,-0.13514954254173198,0.13514954254173198,Network,Story,2860,1004,0.406993006993007,0.6060959247310319,Good
Story_Discourse_Network_Density,0.1349215210666011,0.1349215210666011,Network,Story,2133,2618,0.40457912987490213,0.2998239943177427,Good
Question_Causal_Depth,-0.13490636932731623,0.13490636932731623,Other,Question,2860,1182,0.056718845123734825,0.08017770849503021,Good
Story_Cross_Sentence_Attention,-0.1333313154285955,0.1333313154285955,Other,Story,2858,2860,0.0050335663215777616,0.001743692745982225,Good
Story_Abstract_Concrete_Ratio,-0.13278197607386377,0.13278197607386377,Other,Story,2860,120,0.03385780885780885,0.17012763277292214,Fair
Story_Mental_State_Depth,-0.1326301214150456,0.1326301214150456,Other,Story,2860,2328,0.02857422341392807,0.025397482065512417,Good
Story_Abstract_Word_Count,-0.1296019391554347,0.1296019391554347,Surface,Story,2860,120,0.044055944055944055,0.21523712575653695,Fair
Story_Digit_Ratio,-0.12533050193264034,0.12533050193264034,Other,Story,2860,269,0.0010438276868698906,0.0036254620833602686,Fair
Story_Entity_Network_Edges,-0.12483338231861034,0.12483338231861034,Network,Story,2454,2522,1.8842705786471068,2.0129151732334427,Good
Story_Discourse_Network_Edges,-0.12265048117328306,0.12265048117328306,Network,Story,2133,2618,4.236286919831223,4.1885056347518015,Good
Story_Entity_Count,-0.12026309037917624,0.12026309037917624,Other,Story,2860,2664,2.9041958041958043,1.5337807090653808,Good
Question_MS_cognitive_verbs_Total,0.11979471819881854,0.11979471819881854,Other,Question,2860,496,0.17412587412587413,0.381123922236842,Fair
Question_Sentiment_Neutral,0.11927756107762187,0.11927756107762187,Other,Question,2860,2860,0.9093125874125875,0.1384907538199491,Good
Question_Sentiment_Compound,-0.11864994543544849,0.11864994543544849,Other,Question,2860,1011,0.07119618881118882,0.20030807081807178,Good
Story_Yngve_Depth.1,0.11817397179282157,0.11817397179282157,Syntactic,Story,2860,2813,0.1472759214951565,0.05480482708853952,Good
Story_Yngve_Depth,0.11817397179282157,0.11817397179282157,Syntactic,Story,2860,2813,0.1472759214951565,0.05480482708853952,Good
Question_MS_cognitive_verbs_basic_Count,0.11814669000724662,0.11814669000724662,Other,Question,2860,488,0.17132867132867133,0.37871348976154795,Fair
Question_Discourse_causal_Count,0.1164310858547439,0.1164310858547439,Network,Question,2860,276,0.0965034965034965,0.2953321325951667,Fair
Story_Contradiction_Resolution,-0.11623098054111977,0.11623098054111977,Other,Story,2860,884,0.005306984564017061,0.009167737460873336,Fair
Story_Concrete_Word_Count,-0.11597327729352888,0.11597327729352888,Surface,Story,2860,737,0.3006993006993007,0.5476263132950716,Fair
Question_Predicate_Count,0.11114918577436353,0.11114918577436353,Other,Question,2860,2570,1.984965034965035,1.2298538825422152,Good
Question_Semantic_Density,-0.10765810108221016,0.10765810108221016,Other,Question,2860,2860,0.30138500292208287,0.08426372465128991,Good
Story_Character_Introduction,-0.10749386278612878,0.10749386278612878,Other,Story,2860,75,0.026573426573426574,0.16302108003567653,Poor
Question_Mental_State_Depth,0.1063061064333342,0.1063061064333342,Other,Question,2860,905,0.046287324602130135,0.0809664831661872,Fair
Story_Semantic_Density,-0.10528461467090142,0.10528461467090142,Other,Story,2860,2860,0.38561235052943194,0.055412273527246265,Good
Story_Mental_State_Interaction,-0.10524573637037926,0.10524573637037926,Other,Story,2860,874,0.00011538374690063995,0.0003052478265100956,Fair
Question_Emotion_Fear_Count,0.10466532967247033,0.10466532967247033,Other,Question,2860,32,0.011188811188811189,0.10520214563042858,Poor
Question_MS_volitional_verbs_Total,-0.09540748317582416,0.09540748317582416,Other,Question,2860,165,0.05804195804195804,0.23535453595655487,Fair
Question_Text_Standard,-0.0933048339337649,0.0933048339337649,Other,Question,2860,2806,5.571328671328671,3.3966245075277004,Good
Story_Perspective_Markers,-0.09254655589269939,0.09254655589269939,Other,Story,2860,161,0.05874125874125874,0.2453709019307906,Fair
Question_Entity_Network_Edges,-0.09223988446600519,0.09223988446600519,Network,Question,782,2758,0.9654731457800512,0.5836743682602235,Good
Story_MS_perceptual_verbs_Total,0.08732923807011514,0.08732923807011514,Other,Story,2860,1788,0.8692307692307693,0.8782260387044554,Good
Story_MS_Verb_Density,-0.08651207759912018,0.08651207759912018,Other,Story,2860,2437,0.027005900693968427,0.019142912227174853,Good
Story_Perspective_Shifts,-0.08639412610270367,0.08639412610270367,Other,Story,2860,666,0.005299050758064122,0.011810891577062266,Fair
Story_ToM_perspective_taking_Count,-0.08488282082985317,0.08488282082985317,Other,Story,2860,70,0.026573426573426574,0.1734174126602859,Poor
Story_Pronoun_Count,-0.084689241035915,0.084689241035915,Other,Story,2860,2701,3.3286713286713288,2.7587533714995325,Good
Question_Hedging_Count,0.08269383423149997,0.08269383423149997,Other,Question,2860,140,0.0493006993006993,0.21814233779303577,Fair
Question_Discourse_Network_Nodes,-0.08068715304598785,0.08068715304598785,Network,Question,84,2860,2.0476190476190474,0.2142378986621611,Good
Question_Flesch_Kincaid_Grade.1,-0.07746508799863454,0.07746508799863454,Readability,Question,2860,2860,4.430783626621653,3.563205237448599,Good
Question_Flesch_Kincaid_Grade.2,-0.07746508799863454,0.07746508799863454,Readability,Question,2860,2860,4.430783626621653,3.563205237448599,Good
Question_Flesch_Kincaid_Grade,-0.07746508799863454,0.07746508799863454,Readability,Question,2860,2860,4.430783626621653,3.563205237448599,Good
Question_MS_volitional_verbs_intention_Count,-0.07726810958625223,0.07726810958625223,Other,Question,2860,132,0.046153846153846156,0.20985487107569858,Fair
Story_ToM_Complex_Reasoning,-0.07572488848842143,0.07572488848842143,Other,Story,2860,91,0.031818181818181815,0.17554646149950348,Poor
Question_Sentiment_Negative,0.07549462354472053,0.07549462354472053,Other,Question,2860,241,0.015452447552447554,0.055520080825858,Fair
Story_Uncertainty_Level,-0.07275713687779035,0.07275713687779035,Other,Story,2860,276,0.001534922669476051,0.005503502807346175,Fair
Story_Dep_Total_Depth,-0.06963497478842845,0.06963497478842845,Syntactic,Story,2860,2860,205.0479020979021,99.0712916265779,Good
Story_Parse_Total_Depth,-0.06963497478842845,0.06963497478842845,Other,Story,2860,2860,205.0479020979021,99.0712916265779,Good
Question_Emotion_Surprise_Count,0.06675442126612766,0.06675442126612766,Other,Question,2860,16,0.005594405594405594,0.07459928983269896,Poor
Question_ToM_mental_state_attribution_Count,0.06409961752269495,0.06409961752269495,Other,Question,2860,53,0.02972027972027972,0.23093539448651945,Poor
Story_Coref_Complexity,-0.06370140160783364,0.06370140160783364,Other,Story,2860,2534,1.2477832167832168,1.5044056026938748,Good
Story_MS_emotional_verbs_complex_Count,-0.06210343036109448,0.06210343036109448,Other,Story,2860,51,0.01783216783216783,0.13236429882809425,Poor
Question_Emotion_Joy_Count,0.06198650113200971,0.06198650113200971,Other,Question,2860,47,0.016433566433566433,0.1271580036000335,Poor
Question_Discourse_Network_Edges,0.060515364784490884,0.060515364784490884,Network,Question,84,2780,0.047619047619047616,0.21423789866216114,Good
Question_Complexity_Variance,0.05941072968932477,0.05941072968932477,Other,Question,2860,64,0.021357808857808858,0.21968170433358628,Poor
Question_MS_volitional_verbs_decision_Count,-0.05755909817623625,0.05755909817623625,Other,Question,2860,34,0.011888111888111888,0.10840153775583342,Poor
Story_MS_perceptual_verbs_general_Count,-0.05746101718858136,0.05746101718858136,Other,Story,2860,102,0.03566433566433566,0.1854842859747421,Fair
Question_Complexity_Gradient,0.05542142411846786,0.05542142411846786,Other,Question,2860,64,0.01893939393939394,0.14426411539618472,Poor
Question_Gunning_Fog.1,-0.05307705066175944,0.05307705066175944,Readability,Question,2860,2860,6.372844805641924,3.563186829951006,Good
Question_Gunning_Fog,-0.05307705066175944,0.05307705066175944,Readability,Question,2860,2860,6.372844805641924,3.563186829951006,Good
Story_ToM_mental_state_attribution_Count,-0.052532451707955986,0.052532451707955986,Other,Story,2860,246,0.13006993006993006,0.47446661424769593,Fair
Story_Readability_Composite,0.05250146335899498,0.05250146335899498,Other,Story,2860,2860,28.789994957339072,3.3207465951309327,Good
Story_MS_cognitive_verbs_epistemic_Count,-0.052378771317353356,0.052378771317353356,Other,Story,2860,8,0.002797202797202797,0.052823802418999824,Poor
Story_MS_emotional_verbs_social_Count,-0.051088939057671,0.051088939057671,Other,Story,2860,6,0.002097902097902098,0.0457627922448388,Poor
Question_Politeness_Markers,-0.049152257082343345,0.049152257082343345,Other,Question,2860,46,0.016083916083916083,0.12582034397396324,Poor
Story_Hedging_Count,-0.04867012264689249,0.04867012264689249,Other,Story,2860,224,0.08216783216783216,0.2883360128870185,Fair
Question_Entity_Network_Clustering,0.047952904821205115,0.047952904821205115,Network,Question,782,2114,0.04603580562659847,0.20969678431954938,Good
Question_Concrete_Word_Count,0.04742132691700034,0.04742132691700034,Surface,Question,2860,112,0.03951048951048951,0.1966271336580007,Fair
Story_Emotion_Anger_Count,-0.045934817329199,0.045934817329199,Other,Story,2860,53,0.01853146853146853,0.13488667424569176,Poor
Question_Emotion_Sadness_Count,0.04426986209391601,0.04426986209391601,Other,Question,2860,22,0.007692307692307693,0.0873830988057602,Poor
Story_Entity_Relation_Depth,-0.04354448108593497,0.04354448108593497,Other,Story,2860,2331,0.12352318581103636,0.10714636172494793,Good
Story_Entity_Density,-0.043198882166278624,0.043198882166278624,Other,Story,2860,2857,0.09078376637130688,0.030472065444524618,Good
Question_TextBlob_Polarity,-0.042953082723975494,0.042953082723975494,Other,Question,2860,988,0.09032281165803892,0.21137165312046044,Fair
Question_Discourse_Network_Density,0.04129110862904,0.04129110862904,Network,Question,84,2780,0.031746031746031744,0.16047993297088273,Good
Story_Emotion_Surprise_Count,-0.0381052574734933,0.0381052574734933,Other,Story,2860,40,0.014685314685314685,0.12599130088617835,Poor
Question_ToM_Complex_Reasoning,-0.03610293178609688,0.03610293178609688,Other,Question,2860,2,0.0006993006993006993,0.02643966911751188,Poor
Story_ToM_recursive_thinking_Count,0.03463907474609998,0.03463907474609998,Other,Story,2860,33,0.011538461538461539,0.10681439376163794,Poor
Question_Automated_Readability,-0.032420738942737864,0.032420738942737864,Other,Question,2860,2860,5.140173196104698,3.7209314837429956,Good
Question_Automated_Readability_Index.1,-0.032420738942737864,0.032420738942737864,Other,Question,2860,2860,5.140173196104698,3.7209314837429956,Good
Question_Automated_Readability_Index,-0.032420738942737864,0.032420738942737864,Other,Question,2860,2860,5.140173196104698,3.7209314837429956,Good
Story_Composite_Readability,-0.03224653007810316,0.03224653007810316,Other,Story,2860,2860,24.16941651765559,1.9835444566201983,Good
Question_Uncertainty_Level,0.03194148441678704,0.03194148441678704,Other,Question,2860,243,0.011341769362372847,0.04014034468172405,Fair
Story_Sentiment_Negative,0.03024283908138101,0.03024283908138101,Other,Story,2860,1529,0.03217027972027972,0.045873695822793596,Good
Story_Cognitive_Load_Index,-0.02953218854935667,0.02953218854935667,Other,Story,2860,222,8.038027719018492e-08,4.089146328514868e-07,Fair
Question_Punct_Ratio,-0.028936839784746853,0.028936839784746853,Other,Question,2860,2857,0.02674172402350074,0.010466732293874565,Good
Question_Dialogue_Markers,0.028725854573395434,0.028725854573395434,Other,Question,2860,316,0.11818181818181818,0.3499135682289142,Fair
Question_Yngve_Depth,0.0287022485884744,0.0287022485884744,Syntactic,Question,2860,1552,0.11283716925133334,0.11869440910495745,Good
Question_Yngve_Depth.1,0.0287022485884744,0.0287022485884744,Syntactic,Question,2860,1552,0.11283716925133334,0.11869440910495745,Good
Question_TextBlob_Subjectivity,0.0286015285872118,0.0286015285872118,Other,Question,2860,1102,0.23482263254422345,0.3401503542703799,Good
Question_MS_perceptual_verbs_auditory_Count,0.02758385690072677,0.02758385690072677,Other,Question,2860,13,0.004545454545454545,0.06727834746331005,Poor
Question_Emotion_Anger_Count,0.024979372558168896,0.024979372558168896,Other,Question,2860,13,0.004545454545454545,0.06727834746331005,Poor
Story_Inference_Complexity,-0.024099575778047402,0.024099575778047402,Other,Story,2860,170,2.823998945766153e-07,2.29142760545775e-06,Fair
Story_Emotion_Fear_Count,0.02394303846484976,0.02394303846484976,Other,Story,2860,40,0.013986013986013986,0.11745309236204594,Poor
Story_MS_cognitive_verbs_metacognitive_Count,-0.021607969309569097,0.021607969309569097,Other,Story,2860,89,0.031118881118881118,0.1736693472542942,Poor
Question_MS_cognitive_verbs_epistemic_Count,0.021330205443248904,0.021330205443248904,Other,Question,2860,1,0.00034965034965034965,0.018698939800169147,Poor
Question_Cognitive_Load_Index,0.019824246528970697,0.019824246528970697,Other,Question,2860,56,3.7352357789045747e-06,3.842258096135202e-05,Poor
Question_Causal_Chain_Depth,0.01974795731901013,0.01974795731901013,Other,Question,2860,14,0.0048951048951048955,0.06980577795355325,Poor
Question_Dale_Chall,-0.019344234231748983,0.019344234231748983,Readability,Question,2860,2860,9.072617186611462,2.980061255001468,Good
Question_Dale_Chall_Readability,-0.019344234231748983,0.019344234231748983,Readability,Question,2860,2860,9.072617186611462,2.980061255001468,Good
Story_Discourse_Network_Clustering,0.01915149288921279,0.01915149288921279,Network,Story,2133,1670,0.25910447658064467,0.3314476407731923,Good
Question_Working_Memory_Load,0.01849801561695322,0.01849801561695322,Other,Question,2860,28,0.0008973561448037769,0.009541947197110557,Poor
Story_MS_volitional_verbs_motivation_Count,-0.0181195913964921,0.0181195913964921,Other,Story,2860,12,0.004195804195804196,0.06465029654092688,Poor
Story_MS_cognitive_verbs_advanced_Count,0.017590680207963175,0.017590680207963175,Other,Story,2860,38,0.013286713286713287,0.11451970187662065,Poor
Story_Emotion_Disgust_Count,0.016916007833023553,0.016916007833023553,Other,Story,2860,2,0.0006993006993006993,0.02643966911751188,Poor
Question_Emotion_Disgust_Count,0.01691600783302355,0.01691600783302355,Other,Question,2860,2,0.0006993006993006993,0.026439669117511885,Poor
Story_Coordinate_Clauses.1,0.014925920432072942,0.014925920432072942,Syntactic,Story,2860,2020,1.656993006993007,1.5616636428131425,Good
Story_Coordinate_Clauses,0.014925920432072942,0.014925920432072942,Syntactic,Story,2860,2020,1.656993006993007,1.5616636428131425,Good
Question_PCA_Cumulative_Variance,-0.013571953627545055,0.013571953627545055,Embedding,Question,2860,4,0.0013986013986013986,0.03737825331738055,Poor
Question_MS_emotional_verbs_complex_Count,-0.013571953627545054,0.013571953627545054,Other,Question,2860,4,0.0013986013986013986,0.03737825331738055,Poor
Story_Entity_Network_Density,-0.012809836970046434,0.012809836970046434,Network,Story,2454,2522,0.8622656886715566,0.3446911464684355,Good
Story_Coleman_Liau_Index,-0.012456541606551554,0.012456541606551554,Other,Story,2860,2860,8.008928033354954,2.2933430206726904,Good
Story_Coleman_Liau,-0.012456541606551554,0.012456541606551554,Other,Story,2860,2860,8.008928033354954,2.2933430206726904,Good
Question_Lexical_Cohesion,0.01139568773198915,0.01139568773198915,Other,Question,2860,9,0.0003145514616102851,0.006123147668146983,Poor
Question_PCA_First_Component,-0.011366035354585321,0.011366035354585321,Embedding,Question,2860,4,0.0009206044507193399,0.02471193252704362,Poor
Story_Emotion_Sadness_Count,-0.0110881397981423,0.0110881397981423,Other,Story,2860,36,0.012587412587412588,0.11150478440580072,Poor
Question_MS_cognitive_verbs_metacognitive_Count,0.010401193658110314,0.010401193658110314,Other,Question,2860,7,0.0024475524475524478,0.04942080458826524,Poor
Question_Entity_Relation_Depth,0.010379880397571466,0.010379880397571466,Other,Question,2860,687,0.0705888754033874,0.13919155475849276,Fair
Story_Meta_Uncertainty_Index,-0.010211344481897304,0.010211344481897304,Other,Story,2860,6,4.2962937791122304e-05,0.0009542867383706946,Poor
Question_MS_perceptual_verbs_general_Count,0.009867531502152336,0.009867531502152336,Other,Question,2860,4,0.0013986013986013986,0.03737825331738055,Poor
Story_SMOG_Index,-0.0097585483142639,0.0097585483142639,Readability,Story,2860,2860,10.059318525165972,3.3621175611748515,Good
Story_SMOG_Index.1,-0.0097585483142639,0.0097585483142639,Readability,Story,2860,2860,10.059318525165972,3.3621175611748515,Good
Question_Digit_Ratio,-0.009593272112797238,0.009593272112797238,Other,Question,2860,2,8.796583163671748e-06,0.00033259419229886864,Poor
Question_Sentence_Count,-0.004872172874514784,0.004872172874514784,Surface,Question,2860,2860,1.0213286713286713,0.14926537029442874,Good
Question_Semantic_Coherence_Avg,-0.004373838978133623,0.004373838978133623,Embedding,Question,2860,84,0.004895631017462981,0.032716287715461576,Poor
Question_Semantic_Coherence_Min,-0.004115980250606217,0.004115980250606217,Embedding,Question,2860,84,0.004777571435861445,0.031162427168587834,Poor
Question_Sentence_Count_Enhanced,-0.003581616739535142,0.003581616739535142,Surface,Question,2860,2860,1.0307692307692307,0.18064079682880713,Good
Question_Embedding_Trajectory_Length,-0.003454211756351975,0.003454211756351975,Embedding,Question,2860,84,0.039286599292621745,0.22842423588732425,Poor
Question_Perspective_Shifts,0.0030249570385191085,0.0030249570385191085,Other,Question,2860,41,0.0011836928860733226,0.010306159350663398,Poor
Question_Complexity_Peaks,0.0025884581106246736,0.0025884581106246736,Other,Question,2860,1,0.00034965034965034965,0.018698939800169147,Poor
Question_Embedding_Std,-0.002314607091916509,0.002314607091916509,Embedding,Question,2860,84,0.0007761547882500629,0.004472637682188034,Poor
Question_Abstract_Concrete_Ratio,0.0015983046648391805,0.0015983046648391805,Other,Question,2860,5,0.0017482517482517483,0.04178284080432861,Poor
Question_Abstract_Word_Count,0.0015983046648391805,0.0015983046648391805,Surface,Question,2860,5,0.0017482517482517483,0.04178284080432861,Poor
Question_Embedding_Variance,-0.0013473102775948386,0.0013473102775948386,Embedding,Question,2860,84,3.238613361092091e-05,0.00018726938044031846,Poor
Question_Max_Distance_To_Centroid,-0.0012155467762581277,0.0012155467762581277,Other,Question,2860,84,0.01919135163714002,0.11052623904158175,Poor
Question_Attention_Switching_Cost,-0.0011951468197285411,0.0011951468197285411,Embedding,Question,2860,84,0.019696969696969695,0.11329273123492047,Poor
Question_Avg_Distance_To_Centroid,-0.0010617086501337478,0.0010617086501337478,Other,Question,2860,84,0.01907683284757854,0.10986420358335366,Poor
